time,targetSpeed,trueSpeed,measuredSpeed,error,controlVoltage,current,loadTorque
0,100,0,0,100,12,0.24,0
0.01,100,0.024,0,100,12,0.4704,0
0.02,100,0.071016,0.024,99.976,12,0.691536,0
0.03,100,0.140099,0.071016,99.929,12,0.903733,0
0.04,100,0.230332,0.140099,99.8599,12,1.1073,0
0.05,100,0.340832,0.230332,99.7697,12,1.30255,0
0.06,100,0.470746,0.340832,99.6592,12,1.48977,0
0.07,100,0.619252,0.470746,99.5293,12,1.66923,0
0.08,100,0.785556,0.619252,99.3807,12,1.84123,0
0.09,100,0.968893,0.785556,99.2144,12,2.00601,0
0.1,100,1.16852,0.968893,99.0311,12,2.16383,0
0.11,100,1.38374,1.16852,98.8315,12,2.31494,0
0.12,100,1.61385,1.38374,98.6163,12,2.45957,0
0.13,100,1.85819,1.61385,98.3862,12,2.59796,0
0.14,100,2.11613,1.85819,98.1418,12,2.73033,0
0.15,100,2.38705,2.11613,97.8839,12,2.85688,0
0.16,100,2.67035,2.38705,97.613,12,2.97783,0
0.17,100,2.96546,2.67035,97.3297,12,3.09338,0
0.18,100,3.27183,2.96546,97.0345,12,3.20371,0
0.19,100,3.58893,3.27183,96.7282,12,3.30902,0
0.2,100,3.91625,3.58893,96.4111,12,3.40948,0
0.21,100,4.25328,3.91625,96.0838,12,3.50527,0
0.22,100,4.59955,4.25328,95.7467,12,3.59655,0
0.23,100,4.95461,4.59955,95.4004,12,3.68349,0
0.24,100,5.318,4.95461,95.0454,12,3.76624,0
0.25,100,5.68931,5.318,94.682,12,3.84496,0
0.26,100,6.06812,5.68931,94.3107,12,3.91978,0
0.27,100,6.45402,6.06812,93.9319,12,3.99085,0
0.28,100,6.84666,6.45402,93.546,12,4.05831,0
0.29,100,7.24564,6.84666,93.1533,12,4.12228,0
0.3,100,7.65062,7.24564,92.7544,12,4.1829,0
0.31,100,8.06126,7.65062,92.3494,12,4.24028,0
0.32,100,8.47723,8.06126,91.9387,12,4.29455,0
0.33,100,8.89821,8.47723,91.5228,12,4.34581,0
0.34,100,9.32389,8.89821,91.1018,12,4.39419,0
0.35,100,9.75399,9.32389,90.6761,12,4.43977,0
0.36,100,10.1882,9.75399,90.246,12,4.48267,0
0.37,100,10.6263,10.1882,89.8118,12,4.52299,0
0.38,100,11.068,10.6263,89.3737,12,4.56082,0
0.39,100,11.513,11.068,88.932,12,4.59625,0
0.4,100,11.9611,11.513,88.487,12,4.62937,0
0.41,100,12.4121,11.9611,88.0389,12,4.66027,0
0.42,100,12.8657,12.4121,87.5879,12,4.68904,0
0.43,100,13.3217,12.8657,87.1343,12,4.71575,0
0.44,100,13.78,13.3217,86.6783,12,4.74047,0
0.45,100,14.2402,13.78,86.22,12,4.76329,0
0.46,100,14.7023,14.2402,85.7598,12,4.78428,0
0.47,100,15.1661,14.7023,85.2977,12,4.80351,0
0.48,100,15.6312,15.1661,84.8339,12,4.82103,0
0.49,100,16.0977,15.6312,84.3688,12,4.83693,0
0.5,100,16.5653,16.0977,83.9023,12,4.85126,0
0.51,100,17.0339,16.5653,83.4347,12,4.86408,0
0.52,100,17.5032,17.0339,82.9661,12,4.87545,0
0.53,100,17.9733,17.5032,82.4968,12,4.88542,0
0.54,100,18.4438,17.9733,82.0267,12,4.89406,0
0.55,100,18.9148,18.4438,81.5562,12,4.90141,0
0.56,100,19.386,18.9148,81.0852,12,4.90752,0
0.57,100,19.8574,19.386,80.614,12,4.91245,0
0.58,100,20.3288,19.8574,80.1426,12,4.91624,0
0.59,100,20.8001,20.3288,79.6712,12,4.91893,0
0.6,100,21.2712,20.8001,79.1999,12,4.92057,0
0.61,100,21.742,21.2712,78.7288,12,4.92121,0
0.62,100,22.2123,21.742,78.258,12,4.92087,0
0.63,100,22.6822,22.2123,77.7877,12,4.91961,0
0.64,100,23.1515,22.6822,77.3178,12,4.91747,0
0.65,100,23.6201,23.1515,76.8485,12,4.91446,0
0.66,100,24.0879,23.6201,76.3799,12,4.91065,0
0.67,100,24.5549,24.0879,75.9121,12,4.90604,0
0.68,100,25.0209,24.5549,75.4451,12,4.90069,0
0.69,100,25.486,25.0209,74.9791,12,4.89462,0
0.7,100,25.95,25.486,74.514,12,4.88787,0
0.71,100,26.4128,25.95,74.05,12,4.88045,0
0.72,100,26.8744,26.4128,73.5872,12,4.87241,0
0.73,100,27.3348,26.8744,73.1256,12,4.86376,0
0.74,100,27.7938,27.3348,72.6652,12,4.85454,0
0.75,100,28.2515,27.7938,72.2062,12,4.84477,0
0.76,100,28.7077,28.2515,71.7485,12,4.83448,0
0.77,100,29.1625,28.7077,71.2923,12,4.82368,0
0.78,100,29.6157,29.1625,70.8375,12,4.81241,0
0.79,100,30.0673,29.6157,70.3843,12,4.80068,0
0.8,100,30.5173,30.0673,69.9327,12,4.78852,0
0.81,100,30.9656,30.5173,69.4827,12,4.77595,0
0.82,100,31.4123,30.9656,69.0344,12,4.76298,0
0.83,100,31.8572,31.4123,68.5877,12,4.74963,0
0.84,100,32.3003,31.8572,68.1428,12,4.73593,0
0.85,100,32.7416,32.3003,67.6997,12,4.7219,0
0.86,100,33.181,32.7416,67.2584,12,4.70754,0
0.87,100,33.6186,33.181,66.819,12,4.69287,0
0.88,100,34.0542,33.6186,66.3814,12,4.67792,0
0.89,100,34.488,34.0542,65.9458,12,4.6627,0
0.9,100,34.9198,34.488,65.512,12,4.64721,0
0.91,100,35.3496,34.9198,65.0802,12,4.63148,0
0.92,100,35.7774,35.3496,64.6504,12,4.61553,0
0.93,100,36.2031,35.7774,64.2226,12,4.59935,0
0.94,100,36.6269,36.2031,63.7969,12,4.58297,0
0.95,100,37.0485,36.6269,63.3731,12,4.5664,0
0.96,100,37.4681,37.0485,62.9515,12,4.54964,0
0.97,100,37.8856,37.4681,62.5319,12,4.53272,0
0.98,100,38.301,37.8856,62.1144,12,4.51564,0
0.99,100,38.7143,38.301,61.699,12,4.49841,0
1,100,39.1254,38.7143,61.2857,12,4.48105,0
1.01,100,39.5344,39.1254,60.8746,12,4.46356,0
1.02,100,39.9412,39.5344,60.4656,12,4.44595,0
1.03,100,40.3459,39.9412,60.0588,12,4.42823,0
1.04,100,40.7483,40.3459,59.6541,12,4.4104,0
1.05,100,41.1486,40.7483,59.2517,12,4.39249,0
1.06,100,41.5467,41.1486,58.8514,12,4.37449,0
1.07,100,41.9426,41.5467,58.4533,12,4.35642,0
1.08,100,42.3363,41.9426,58.0574,12,4.33828,0
1.09,100,42.7278,42.3363,57.6637,12,4.32008,0
1.1,100,43.1171,42.7278,57.2722,12,4.30182,0
1.11,100,43.5042,43.1171,56.8829,12,4.28351,0
1.12,100,43.889,43.5042,56.4958,12,4.26516,0
1.13,100,44.2716,43.889,56.111,12,4.24678,0
1.14,100,44.652,44.2716,55.7284,12,4.22836,0
1.15,100,45.0302,44.652,55.348,12,4.20992,0
1.16,100,45.4062,45.0302,54.9698,12,4.19147,0
1.17,100,45.7799,45.4062,54.5938,12,4.173,0
1.18,100,46.1515,45.7799,54.2201,12,4.15452,0
1.19,100,46.5208,46.1515,53.8485,12,4.13603,0
1.2,100,46.8878,46.5208,53.4792,12,4.11755,0
1.21,100,47.2527,46.8878,53.1122,12,4.09907,0
1.22,100,47.6154,47.2527,52.7473,12,4.0806,0
1.23,100,47.9758,47.6154,52.3846,12,4.06215,0
1.24,100,48.334,47.9758,52.0242,12,4.04371,0
1.25,100,48.6901,48.334,51.666,12,4.02529,0
1.26,100,49.0439,48.6901,51.3099,12,4.0069,0
1.27,100,49.3956,49.0439,50.9561,12,3.98854,0
1.28,100,49.745,49.3956,50.6044,12,3.97021,0
1.29,100,50.0923,49.745,50.255,12,3.95191,0
1.3,100,50.4374,50.0923,49.9077,12,3.93365,0
1.31,100,50.7803,50.4374,49.5626,12,3.91543,0
1.32,100,51.1211,50.7803,49.2197,12,3.89725,0
1.33,100,51.4597,51.1211,48.8789,12,3.87912,0
1.34,100,51.7961,51.4597,48.5403,12,3.86103,0
1.35,100,52.1304,51.7961,48.2039,12,3.843,0
1.36,100,52.4626,52.1304,47.8696,12,3.82502,0
1.37,100,52.7927,52.4626,47.5374,12,3.80709,0
1.38,100,53.1206,52.7927,47.2073,12,3.78922,0
1.39,100,53.4464,53.1206,46.8794,12,3.77141,0
1.4,100,53.7701,53.4464,46.5536,12,3.75366,0
1.41,100,54.0917,53.7701,46.2299,12,3.73598,0
1.42,100,54.4112,54.0917,45.9083,12,3.71835,0
1.43,100,54.7286,54.4112,45.5888,12,3.7008,0
1.44,100,55.0439,54.7286,45.2714,12,3.68331,0
1.45,100,55.3572,55.0439,44.9561,12,3.66589,0
1.46,100,55.6685,55.3572,44.6428,12,3.64854,0
1.47,100,55.9777,55.6685,44.3315,12,3.63126,0
1.48,100,56.2848,55.9777,44.0223,12,3.61405,0
1.49,100,56.5899,56.2848,43.7152,12,3.59692,0
1.5,100,56.893,56.5899,43.4101,12,3.57987,0
1.51,100,57.1941,56.893,43.107,12,3.56289,0
1.52,100,57.4932,57.1941,42.8059,12,3.54598,0
1.53,100,57.7903,57.4932,42.5068,12,3.52916,0
1.54,100,58.0854,57.7903,42.2097,12,3.51241,0
1.55,100,58.3786,58.0854,41.9146,12,3.49574,0
1.56,100,58.6698,58.3786,41.6214,12,3.47915,0
1.57,100,58.959,58.6698,41.3302,12,3.46265,0
1.58,100,59.2463,58.959,41.041,12,3.44623,0
1.59,100,59.5317,59.2463,40.7537,12,3.42988,0
1.6,100,59.8152,59.5317,40.4683,12,3.41362,0
1.61,100,60.0967,59.8152,40.1848,12,3.39745,0
1.62,100,60.3764,60.0967,39.9033,12,3.38136,0
1.63,100,60.6541,60.3764,39.6236,12,3.36535,0
1.64,100,60.93,60.6541,39.3459,12,3.34943,0
1.65,100,61.204,60.93,39.07,12,3.33359,0
1.66,100,61.4762,61.204,38.796,12,3.31784,0
1.67,100,61.7465,61.4762,38.5238,12,3.30217,0
1.68,100,62.015,61.7465,38.2535,12,3.28659,0
1.69,100,62.2816,62.015,37.985,12,3.2711,0
1.7,100,62.5464,62.2816,37.7184,12,3.25569,0
1.71,100,62.8095,62.5464,37.4536,12,3.24037,0
1.72,100,63.0707,62.8095,37.1905,12,3.22514,0
1.73,100,63.3301,63.0707,36.9293,12,3.20999,0
1.74,100,63.5878,63.3301,36.6699,12,3.19493,0
1.75,100,63.8437,63.5878,36.4122,12,3.17996,0
1.76,100,64.0979,63.8437,36.1563,12,3.16507,0
1.77,100,64.3503,64.0979,35.9021,12,3.15027,0
1.78,100,64.6009,64.3503,35.6497,12,3.13556,0
1.79,100,64.8499,64.6009,35.3991,12,3.12094,0
1.8,100,65.0971,64.8499,35.1501,12,3.1064,0
1.81,100,65.3427,65.0971,34.9029,12,3.09195,0
1.82,100,65.5865,65.3427,34.6573,12,3.07759,0
1.83,100,65.8287,65.5865,34.4135,12,3.06331,0
1.84,100,66.0692,65.8287,34.1713,12,3.04912,0
1.85,100,66.3081,66.0692,33.9308,12,3.03502,0
1.86,100,66.5452,66.3081,33.6919,12,3.021,0
1.87,100,66.7808,66.5452,33.4548,12,3.00707,0
1.88,100,67.0147,66.7808,33.2192,12,2.99323,0
1.89,100,67.247,67.0147,32.9853,12,2.97947,0
1.9,100,67.4777,67.247,32.753,12,2.96579,0
1.91,100,67.7068,67.4777,32.5223,12,2.95221,0
1.92,100,67.9343,67.7068,32.2932,12,2.93871,0
1.93,100,68.1603,67.9343,32.0657,12,2.92529,0
1.94,100,68.3847,68.1603,31.8397,12,2.91196,0
1.95,100,68.6075,68.3847,31.6153,12,2.89871,0
1.96,100,68.8287,68.6075,31.3925,12,2.88555,0
1.97,100,69.0485,68.8287,31.1713,12,2.87247,0
1.98,100,69.2667,69.0485,30.9515,12,2.85947,0
1.99,100,69.4833,69.2667,30.7333,12,2.84656,0
2,100,69.6985,69.4833,30.5167,12,2.83373,0
2.01,100,69.9122,69.6985,30.3015,12,2.82098,0
2.02,100,70.1244,69.9122,30.0878,12,2.80832,0
2.03,100,70.3351,70.1244,29.8756,12,2.79574,0
2.04,100,70.5443,70.3351,29.6649,12,2.78324,0
2.05,100,70.7521,70.5443,29.4557,12,2.77082,0
2.06,100,70.9584,70.7521,29.2479,12,2.75848,0
2.07,100,71.1633,70.9584,29.0416,12,2.74623,0
2.08,100,71.3668,71.1633,28.8367,12,2.73405,0
2.09,100,71.5688,71.3668,28.6332,12,2.72196,0
2.1,100,71.7694,71.5688,28.4312,12,2.70994,0
2.11,100,71.9687,71.7694,28.2306,12,2.698,0
2.12,100,72.1665,71.9687,28.0313,12,2.68615,0
2.13,100,72.3629,72.1665,27.8335,12,2.67437,0
2.14,100,72.558,72.3629,27.6371,12,2.66267,0
2.15,100,72.7517,72.558,27.442,12,2.65104,0
2.16,100,72.9441,72.7517,27.2483,12,2.6395,0
2.17,100,73.1351,72.9441,27.0559,12,2.62803,0
2.18,100,73.3247,73.1351,26.8649,12,2.61664,0
2.19,100,73.5131,73.3247,26.6753,12,2.60532,0
2.2,100,73.7001,73.5131,26.4869,12,2.59409,0
2.21,100,73.8858,73.7001,26.2999,12,2.58292,0
2.22,100,74.0702,73.8858,26.1142,12,2.57183,0
2.23,100,74.2533,74.0702,25.9298,12,2.56082,0
2.24,100,74.4352,74.2533,25.7467,12,2.54988,0
2.25,100,74.6157,74.4352,25.5648,12,2.53901,0
2.26,100,74.795,74.6157,25.3843,12,2.52822,0
2.27,100,74.973,74.795,25.205,12,2.5175,0
2.28,100,75.1498,74.973,25.027,12,2.50686,0
2.29,100,75.3253,75.1498,24.8502,12,2.49628,0
2.3,100,75.4996,75.3253,24.6747,12,2.48578,0
2.31,100,75.6727,75.4996,24.5004,12,2.47535,0
2.32,100,75.8446,75.6727,24.3273,12,2.46499,0
2.33,100,76.0152,75.8446,24.1554,12,2.4547,0
2.34,100,76.1847,76.0152,23.9848,12,2.44448,0
2.35,100,76.353,76.1847,23.8153,12,2.43434,0
2.36,100,76.52,76.353,23.647,12,2.42426,0
2.37,100,76.6859,76.52,23.48,12,2.41425,0
2.38,100,76.8507,76.6859,23.3141,12,2.4043,0
2.39,100,77.0143,76.8507,23.1493,12,2.39443,0
2.4,100,77.1767,77.0143,22.9857,12,2.38462,0
2.41,100,77.338,77.1767,22.8233,12,2.37489,0
2.42,100,77.4981,77.338,22.662,12,2.36521,0
2.43,100,77.6572,77.4981,22.5019,12,2.35561,0
2.44,100,77.8151,77.6572,22.3428,12,2.34607,0
2.45,100,77.9718,77.8151,22.1849,12,2.3366,0
2.46,100,78.1275,77.9718,22.0282,12,2.32719,0
2.47,100,78.2821,78.1275,21.8725,12,2.31785,0
2.48,100,78.4356,78.2821,21.7179,12,2.30857,0
2.49,100,78.5881,78.4356,21.5644,12,2.29936,0
2.5,100,78.7394,78.5881,21.4119,12,2.29021,0
2.51,100,78.8897,78.7394,21.2606,12,2.28112,0
2.52,100,79.0389,78.8897,21.1103,12,2.27209,0
2.53,100,79.1871,79.0389,20.9611,12,2.26313,0
2.54,100,79.3342,79.1871,20.8129,12,2.25423,0
2.55,100,79.4803,79.3342,20.6658,12,2.2454,0
2.56,100,79.6253,79.4803,20.5197,12,2.23662,0
2.57,100,79.7694,79.6253,20.3747,12,2.2279,0
2.58,100,79.9124,79.7694,20.2306,12,2.21925,0
2.59,100,80.0544,79.9124,20.0876,12,2.21065,0
2.6,100,80.1954,80.0544,19.9456,12,2.20212,0
2.61,100,80.3354,80.1954,19.8046,12,2.19364,0
2.62,100,80.4745,80.3354,19.6646,12,2.18523,0
2.63,100,80.6125,80.4745,19.5255,12,2.17687,0
2.64,100,80.7496,80.6125,19.3875,12,2.16857,0
2.65,100,80.8857,80.7496,19.2504,12,2.16033,0
2.66,100,81.0209,80.8857,19.1143,12,2.15214,0
2.67,100,81.155,81.0209,18.9791,12,2.14402,0
2.68,100,81.2883,81.155,18.845,12,2.13594,0
2.69,100,81.4206,81.2883,18.7117,12,2.12793,0
2.7,100,81.552,81.4206,18.5794,12,2.11997,0
2.71,100,81.6824,81.552,18.448,12,2.11207,0
2.72,100,81.8119,81.6824,18.3176,12,2.10422,0
2.73,100,81.9406,81.8119,18.1881,12,2.09643,0
2.74,100,82.0683,81.9406,18.0594,12,2.08869,0
2.75,100,82.1951,82.0683,17.9317,12,2.08101,0
2.76,100,82.321,82.1951,17.8049,12,2.07338,0
2.77,100,82.446,82.321,17.679,12,2.0658,0
2.78,100,82.5701,82.446,17.554,12,2.05827,0
2.79,100,82.6934,82.5701,17.4299,12,2.0508,0
2.8,100,82.8158,82.6934,17.3066,12,2.04338,0
2.81,100,82.9373,82.8158,17.1842,12,2.03602,0
2.82,100,83.0579,82.9373,17.0627,12,2.0287,0
2.83,100,83.1778,83.0579,16.9421,12,2.02144,0
2.84,100,83.2967,83.1778,16.8222,12,2.01423,0
2.85,100,83.4148,83.2967,16.7033,12,2.00706,0
2.86,100,83.5321,83.4148,16.5852,12,1.99995,0
2.87,100,83.6486,83.5321,16.4679,12,1.99289,0
2.88,100,83.7642,83.6486,16.3514,12,1.98588,0
2.89,100,83.8791,83.7642,16.2358,12,1.97891,0
2.9,100,83.9931,83.8791,16.1209,12,1.972,0
2.91,100,84.1063,83.9931,16.0069,12,1.96513,0
2.92,100,84.2187,84.1063,15.8937,12,1.95831,0
2.93,100,84.3303,84.2187,15.7813,12,1.95154,0
2.94,100,84.4411,84.3303,15.6697,12,1.94482,0
2.95,100,84.5512,84.4411,15.5589,12,1.93815,0
2.96,100,84.6604,84.5512,15.4488,12,1.93152,0
2.97,100,84.7689,84.6604,15.3396,12,1.92494,0
2.98,100,84.8766,84.7689,15.2311,12,1.9184,0
2.99,100,84.9836,84.8766,15.1234,12,1.91191,0
3,100,85.0898,84.9836,15.0164,12,1.90547,0
3.01,100,85.1953,85.0898,14.9102,12,1.89907,0
3.02,100,85.3,85.1953,14.8047,12,1.89272,0
3.03,100,85.404,85.3,14.7,12,1.88641,0
3.04,100,85.5072,85.404,14.596,12,1.88014,0
3.05,100,85.6097,85.5072,14.4928,12,1.87392,0
3.06,100,85.7115,85.6097,14.3903,12,1.86775,0
3.07,100,85.8125,85.7115,14.2885,12,1.86161,0
3.08,100,85.9129,85.8125,14.1875,12,1.85552,0
3.09,100,86.0125,85.9129,14.0871,12,1.84948,0
3.1,100,86.1115,86.0125,13.9875,12,1.84347,0
3.11,100,86.2097,86.1115,13.8885,12,1.83751,0
3.12,100,86.3072,86.2097,13.7903,12,1.83159,0
3.13,100,86.4041,86.3072,13.6928,12,1.82571,0
3.14,100,86.5003,86.4041,13.5959,12,1.81988,0
3.15,100,86.5958,86.5003,13.4997,12,1.81408,0
3.16,100,86.6906,86.5958,13.4042,12,1.80833,0
3.17,100,86.7847,86.6906,13.3094,12,1.80261,0
3.18,100,86.8782,86.7847,13.2153,12,1.79694,0
3.19,100,86.971,86.8782,13.1218,12,1.7913,0
3.2,100,87.0632,86.971,13.029,12,1.78571,0
3.21,100,87.1547,87.0632,12.9368,12,1.78016,0
3.22,100,87.2455,87.1547,12.8453,12,1.77464,0
3.23,100,87.3357,87.2455,12.7545,12,1.76916,0
3.24,100,87.4253,87.3357,12.6643,12,1.76373,0
3.25,100,87.5143,87.4253,12.5747,12,1.75833,0
3.26,100,87.6026,87.5143,12.4857,12,1.75296,0
3.27,100,87.6903,87.6026,12.3974,12,1.74764,0
3.28,100,87.7774,87.6903,12.3097,12,1.74235,0
3.29,100,87.8638,87.7774,12.2226,12,1.73711,0
3.3,100,87.9497,87.8638,12.1362,12,1.73189,0
3.31,100,88.0349,87.9497,12.0503,12,1.72672,0
3.32,100,88.1195,88.0349,11.9651,11.9651,1.72088,0
3.33,100,88.2035,88.1195,11.8805,11.8805,1.71342,0
3.34,100,88.2867,88.2035,11.7965,11.7965,1.7044,0
3.35,100,88.3688,88.2867,11.7133,11.7133,1.69392,0
3.36,100,88.4498,88.3688,11.6312,11.6312,1.68205,0
3.37,100,88.5296,88.4498,11.5502,11.5502,1.66887,0
3.38,100,88.6079,88.5296,11.4704,11.4704,1.65447,0
3.39,100,88.6848,88.6079,11.3921,11.3921,1.63891,0
3.4,100,88.76,88.6848,11.3152,11.3152,1.62229,0
3.41,100,88.8335,88.76,11.24,11.24,1.60468,0
3.42,100,88.9051,88.8335,11.1665,11.1665,1.58616,0
3.43,100,88.9748,88.9051,11.0949,11.0949,1.5668,0
3.44,100,89.0425,88.9748,11.0252,11.0252,1.54668,0
3.45,100,89.1081,89.0425,10.9575,10.9575,1.52588,0
3.46,100,89.1716,89.1081,10.8919,10.8919,1.50446,0
3.47,100,89.2329,89.1716,10.8284,10.8284,1.48251,0
3.48,100,89.2919,89.2329,10.7671,10.7671,1.46009,0
3.49,100,89.3486,89.2919,10.7081,10.7081,1.43726,0
3.5,100,89.403,89.3486,10.6514,10.6514,1.4141,0
3.51,100,89.455,89.403,10.597,10.597,1.39067,0
3.52,100,89.5046,89.455,10.545,10.545,1.36703,0
3.53,100,89.5518,89.5046,10.4954,10.4954,1.34325,0
3.54,100,89.5966,89.5518,10.4482,10.4482,1.31938,0
3.55,100,89.6389,89.5966,10.4034,10.4034,1.29548,0
3.56,100,89.6788,89.6389,10.3611,10.3611,1.27161,0
3.57,100,89.7163,89.6788,10.3212,10.3212,1.24781,0
3.58,100,89.7514,89.7163,10.2837,10.2837,1.22414,0
3.59,100,89.784,89.7514,10.2486,10.2486,1.20064,0
3.6,100,89.8143,89.784,10.216,10.216,1.17736,0
3.61,100,89.8422,89.8143,10.1857,10.1857,1.15436,0
3.62,100,89.8678,89.8422,10.1578,10.1578,1.13165,0
3.63,100,89.8911,89.8678,10.1322,10.1322,1.10929,0
3.64,100,89.9122,89.8911,10.1089,10.1089,1.08732,0
3.65,100,89.931,89.9122,10.0878,10.0878,1.06576,0
3.66,100,89.9476,89.931,10.069,10.069,1.04464,0
3.67,100,89.9622,89.9476,10.0524,10.0524,1.02401,0
3.68,100,89.9746,89.9622,10.0378,10.0378,1.00388,0
3.69,100,89.985,89.9746,10.0254,10.0254,0.984285,0
3.7,100,89.9935,89.985,10.015,10.015,0.965244,0
3.71,100,90,89.9935,10.0065,10.0065,0.946778,0
3.72,100,90.0047,90,10,10,0.928907,0
3.73,100,90.0075,90.0047,9.99534,9.99534,0.911648,0
3.74,100,90.0087,90.0075,9.99245,9.99245,0.895016,0
3.75,100,90.0082,90.0087,9.99129,9.99129,0.879024,0
3.76,100,90.0061,90.0082,9.9918,9.9918,0.863683,0
3.77,100,90.0025,90.0061,9.99391,9.99391,0.849001,0
3.78,100,89.9974,90.0025,9.99754,9.99754,0.834987,0
3.79,100,89.9909,89.9974,10.0026,10.0026,0.821646,0
3.8,100,89.983,89.9909,10.0091,10.0091,0.808981,0
3.81,100,89.9739,89.983,10.017,10.017,0.796995,0
3.82,100,89.9637,89.9739,10.0261,10.0261,0.785689,0
3.83,100,89.9523,89.9637,10.0363,10.0363,0.775061,0
3.84,100,89.9398,89.9523,10.0477,10.0477,0.765108,0
3.85,100,89.9264,89.9398,10.0602,10.0602,0.755828,0
3.86,100,89.9121,89.9264,10.0736,10.0736,0.747214,0
3.87,100,89.8969,89.9121,10.0879,10.0879,0.73926,0
3.88,100,89.8809,89.8969,10.1031,10.1031,0.731958,0
3.89,100,89.8642,89.8809,10.1191,10.1191,0.7253,0
3.9,100,89.8469,89.8642,10.1358,10.1358,0.719276,0
3.91,100,89.829,89.8469,10.1531,10.1531,0.713874,0
3.92,100,89.8105,89.829,10.171,10.171,0.709082,0
3.93,100,89.7916,89.8105,10.1895,10.1895,0.704887,0
3.94,100,89.7723,89.7916,10.2084,10.2084,0.701276,0
3.95,100,89.7527,89.7723,10.2277,10.2277,0.698234,0
3.96,100,89.7327,89.7527,10.2473,10.2473,0.695746,0
3.97,100,89.7126,89.7327,10.2673,10.2673,0.693796,0
3.98,100,89.6922,89.7126,10.2874,10.2874,0.692368,0
3.99,100,89.6718,89.6922,10.3078,10.3078,0.691444,0
4,100,89.6513,89.6718,10.3282,10.3282,0.691007,0
4.01,100,89.6307,89.6513,10.3487,10.3487,0.691039,0
4.02,100,89.6102,89.6307,10.3693,10.3693,0.691521,0
4.03,100,89.5897,89.6102,10.3898,10.3898,0.692437,0
4.04,100,89.5694,89.5897,10.4103,10.4103,0.693765,0
4.05,100,89.5492,89.5694,10.4306,10.4306,0.695488,0
4.06,100,89.5292,89.5492,10.4508,10.4508,0.697587,0
4.07,100,89.5094,89.5292,10.4708,10.4708,0.700041,0
4.08,100,89.4899,89.5094,10.4906,10.4906,0.702832,0
4.09,100,89.4707,89.4899,10.5101,10.5101,0.705941,0
4.1,100,89.4518,89.4707,10.5293,10.5293,0.709348,0
4.11,100,89.4333,89.4518,10.5482,10.5482,0.713034,0
4.12,100,89.4152,89.4333,10.5667,10.5667,0.71698,0
4.13,100,89.3975,89.4152,10.5848,10.5848,0.721166,0
4.14,100,89.3802,89.3975,10.6025,10.6025,0.725576,0
4.15,100,89.3634,89.3802,10.6198,10.6198,0.730189,0
4.16,100,89.347,89.3634,10.6366,10.6366,0.734987,0
4.17,100,89.3312,89.347,10.653,10.653,0.739953,0
4.18,100,89.3158,89.3312,10.6688,10.6688,0.74507,0
4.19,100,89.301,89.3158,10.6842,10.6842,0.750318,0
4.2,100,89.2868,89.301,10.699,10.699,0.755683,0
4.21,100,89.273,89.2868,10.7132,10.7132,0.761147,0
4.22,100,89.2599,89.273,10.727,10.727,0.766695,0
4.23,100,89.2473,89.2599,10.7401,10.7401,0.77231,0
4.24,100,89.2353,89.2473,10.7527,10.7527,0.777977,0
4.25,100,89.2238,89.2353,10.7647,10.7647,0.783682,0
4.26,100,89.213,89.2238,10.7762,10.7762,0.78941,0
4.27,100,89.2027,89.213,10.787,10.787,0.795149,0
4.28,100,89.193,89.2027,10.7973,10.7973,0.800883,0
4.29,100,89.1839,89.193,10.807,10.807,0.806601,0
4.3,100,89.1754,89.1839,10.8161,10.8161,0.812291,0
4.31,100,89.1674,89.1754,10.8246,10.8246,0.817941,0
4.32,100,89.1601,89.1674,10.8326,10.8326,0.82354,0
4.33,100,89.1533,89.1601,10.8399,10.8399,0.829077,0
4.34,100,89.147,89.1533,10.8467,10.8467,0.834542,0
4.35,100,89.1413,89.147,10.853,10.853,0.839926,0
4.36,100,89.1362,89.1413,10.8587,10.8587,0.84522,0
4.37,100,89.1316,89.1362,10.8638,10.8638,0.850415,0
4.38,100,89.1275,89.1316,10.8684,10.8684,0.855504,0
4.39,100,89.1239,89.1275,10.8725,10.8725,0.86048,0
4.4,100,89.1208,89.1239,10.8761,10.8761,0.865335,0
4.41,100,89.1182,89.1208,10.8792,10.8792,0.870063,0
4.42,100,89.1161,89.1182,10.8818,10.8818,0.87466,0
4.43,100,89.1145,89.1161,10.8839,10.8839,0.879119,0
4.44,100,89.1133,89.1145,10.8855,10.8855,0.883436,0
4.45,100,89.1125,89.1133,10.8867,10.8867,0.887607,0
4.46,100,89.1121,89.1125,10.8875,10.8875,0.891627,0
4.47,100,89.1122,89.1121,10.8879,10.8879,0.895495,0
4.48,100,89.1126,89.1122,10.8878,10.8878,0.899207,0
4.49,100,89.1134,89.1126,10.8874,10.8874,0.902761,0
4.5,100,89.1146,89.1134,10.8866,10.8866,0.906155,0
4.51,100,89.1161,89.1146,10.8854,10.8854,0.909387,0
4.52,100,89.1179,89.1161,10.8839,10.8839,0.912457,0
4.53,100,89.1201,89.1179,10.8821,10.8821,0.915365,0
4.54,100,89.1225,89.1201,10.8799,10.8799,0.918109,0
4.55,100,89.1252,89.1225,10.8775,10.8775,0.92069,0
4.56,100,89.1281,89.1252,10.8748,10.8748,0.923109,0
4.57,100,89.1313,89.1281,10.8719,10.8719,0.925367,0
4.58,100,89.1347,89.1313,10.8687,10.8687,0.927464,0
4.59,100,89.1383,89.1347,10.8653,10.8653,0.929402,0
4.6,100,89.1421,89.1383,10.8617,10.8617,0.931183,0
4.61,100,89.1461,89.1421,10.8579,10.8579,0.93281,0
4.62,100,89.1502,89.1461,10.8539,10.8539,0.934283,0
4.63,100,89.1545,89.1502,10.8498,10.8498,0.935607,0
4.64,100,89.1589,89.1545,10.8455,10.8455,0.936784,0
4.65,100,89.1634,89.1589,10.8411,10.8411,0.937817,0
4.66,100,89.168,89.1634,10.8366,10.8366,0.938709,0
4.67,100,89.1727,89.168,10.832,10.832,0.939464,0
4.68,100,89.1775,89.1727,10.8273,10.8273,0.940085,0
4.69,100,89.1823,89.1775,10.8225,10.8225,0.940576,0
4.7,100,89.1872,89.1823,10.8177,10.8177,0.940942,0
4.71,100,89.1921,89.1872,10.8128,10.8128,0.941185,0
4.72,100,89.1971,89.1921,10.8079,10.8079,0.941311,0
4.73,100,89.202,89.1971,10.8029,10.8029,0.941323,0
4.74,100,89.2069,89.202,10.798,10.798,0.941227,0
4.75,100,89.2118,89.2069,10.7931,10.7931,0.941025,0
4.76,100,89.2167,89.2118,10.7882,10.7882,0.940724,0
4.77,100,89.2216,89.2167,10.7833,10.7833,0.940327,0
4.78,100,89.2264,89.2216,10.7784,10.7784,0.939839,0
4.79,100,89.2311,89.2264,10.7736,10.7736,0.939265,0
4.8,100,89.2358,89.2311,10.7689,10.7689,0.938609,0
4.81,100,89.2405,89.2358,10.7642,10.7642,0.937876,0
4.82,100,89.245,89.2405,10.7595,10.7595,0.937071,0
4.83,100,89.2495,89.245,10.755,10.755,0.936198,0
4.84,100,89.2538,89.2495,10.7505,10.7505,0.935261,0
4.85,100,89.2581,89.2538,10.7462,10.7462,0.934266,0
4.86,100,89.2623,89.2581,10.7419,10.7419,0.933217,0
4.87,100,89.2663,89.2623,10.7377,10.7377,0.932118,0
4.88,100,89.2703,89.2663,10.7337,10.7337,0.930973,0
4.89,100,89.2741,89.2703,10.7297,10.7297,0.929788,0
4.9,100,89.2778,89.2741,10.7259,10.7259,0.928566,0
4.91,100,89.2814,89.2778,10.7222,10.7222,0.927311,0
4.92,100,89.2849,89.2814,10.7186,10.7186,0.926028,0
4.93,100,89.2882,89.2849,10.7151,10.7151,0.92472,0
4.94,100,89.2914,89.2882,10.7118,10.7118,0.923391,0
4.95,100,89.2944,89.2914,10.7086,10.7086,0.922046,0
4.96,100,89.2973,89.2944,10.7056,10.7056,0.920687,0
4.97,100,89.3001,89.2973,10.7027,10.7027,0.919319,0
4.98,100,89.3027,89.3001,10.6999,10.6999,0.917944,0
4.99,100,89.3052,89.3027,10.6973,10.6973,0.916566,0
5,100,89.3076,89.3052,10.6948,10.6948,0.915189,0
5.01,100,89.3098,89.3076,10.6924,10.6924,0.913815,0
5.02,100,89.3118,89.3098,10.6902,10.6902,0.912448,0
5.03,100,89.3138,89.3118,10.6882,10.6882,0.911089,0
5.04,100,89.3156,89.3138,10.6862,10.6862,0.909743,0
5.05,100,89.3172,89.3156,10.6844,10.6844,0.90841,0
5.06,100,89.3188,89.3172,10.6828,10.6828,0.907095,0
5.07,100,89.3201,89.3188,10.6812,10.6812,0.905798,0
5.08,100,89.3214,89.3201,10.6799,10.6799,0.904523,0
5.09,100,89.3225,89.3214,10.6786,10.6786,0.903271,0
5.1,100,89.3235,89.3225,10.6775,10.6775,0.902045,0
5.11,100,89.3244,89.3235,10.6765,10.6765,0.900845,0
5.12,100,89.3252,89.3244,10.6756,10.6756,0.899674,0
5.13,100,89.3258,89.3252,10.6748,10.6748,0.898533,0
5.14,100,89.3264,89.3258,10.6742,10.6742,0.897424,0
5.15,100,89.3268,89.3264,10.6736,10.6736,0.896347,0
5.16,100,89.3271,89.3268,10.6732,10.6732,0.895304,0
5.17,100,89.3273,89.3271,10.6729,10.6729,0.894296,0
5.18,100,89.3274,89.3273,10.6727,10.6727,0.893324,0
5.19,100,89.3274,89.3274,10.6726,10.6726,0.892389,0
5.2,100,89.3273,89.3274,10.6726,10.6726,0.891491,0
5.21,100,89.3271,89.3273,10.6727,10.6727,0.890631,0
5.22,100,89.3269,89.3271,10.6729,10.6729,0.889809,0
5.23,100,89.3265,89.3269,10.6731,10.6731,0.889026,0
5.24,100,89.3261,89.3265,10.6735,10.6735,0.888282,0
5.25,100,89.3256,89.3261,10.6739,10.6739,0.887576,0
5.26,100,89.325,89.3256,10.6744,10.6744,0.886911,0
5.27,100,89.3244,89.325,10.675,10.675,0.886284,0
5.28,100,89.3237,89.3244,10.6756,10.6756,0.885696,0
5.29,100,89.3229,89.3237,10.6763,10.6763,0.885147,0
5.3,100,89.3221,89.3229,10.6771,10.6771,0.884636,0
5.31,100,89.3213,89.3221,10.6779,10.6779,0.884164,0
5.32,100,89.3204,89.3213,10.6787,10.6787,0.88373,0
5.33,100,89.3194,89.3204,10.6796,10.6796,0.883333,0
5.34,100,89.3184,89.3194,10.6806,10.6806,0.882972,0
5.35,100,89.3174,89.3184,10.6816,10.6816,0.882648,0
5.36,100,89.3164,89.3174,10.6826,10.6826,0.882359,0
5.37,100,89.3153,89.3164,10.6836,10.6836,0.882105,0
5.38,100,89.3142,89.3153,10.6847,10.6847,0.881884,0
5.39,100,89.313,89.3142,10.6858,10.6858,0.881697,0
5.4,100,89.3119,89.313,10.687,10.687,0.881542,0
5.41,100,89.3107,89.3119,10.6881,10.6881,0.881419,0
5.42,100,89.3096,89.3107,10.6893,10.6893,0.881326,0
5.43,100,89.3084,89.3096,10.6904,10.6904,0.881262,0
5.44,100,89.3072,89.3084,10.6916,10.6916,0.881227,0
5.45,100,89.306,89.3072,10.6928,10.6928,0.881219,0
5.46,100,89.3048,89.306,10.694,10.694,0.881238,0
5.47,100,89.3037,89.3048,10.6952,10.6952,0.881281,0
5.48,100,89.3025,89.3037,10.6963,10.6963,0.881349,0
5.49,100,89.3013,89.3025,10.6975,10.6975,0.881441,0
5.5,100,89.3002,89.3013,10.6987,10.6987,0.881554,0
5.51,100,89.299,89.3002,10.6998,10.6998,0.881688,0
5.52,100,89.2979,89.299,10.701,10.701,0.881842,0
5.53,100,89.2968,89.2979,10.7021,10.7021,0.882015,0
5.54,100,89.2957,89.2968,10.7032,10.7032,0.882205,0
5.55,100,89.2946,89.2957,10.7043,10.7043,0.882412,0
5.56,100,89.2936,89.2946,10.7054,10.7054,0.882634,0
5.57,100,89.2925,89.2936,10.7064,10.7064,0.882871,0
5.58,100,89.2915,89.2925,10.7075,10.7075,0.88312,0
5.59,100,89.2905,89.2915,10.7085,10.7085,0.883382,0
5.6,100,89.2896,89.2905,10.7095,10.7095,0.883655,0
5.61,100,89.2887,89.2896,10.7104,10.7104,0.883938,0
5.62,100,89.2878,89.2887,10.7113,10.7113,0.88423,0
5.63,100,89.2869,89.2878,10.7122,10.7122,0.88453,0
5.64,100,89.2861,89.2869,10.7131,10.7131,0.884837,0
5.65,100,89.2853,89.2861,10.7139,10.7139,0.88515,0
5.66,100,89.2845,89.2853,10.7147,10.7147,0.885468,0
5.67,100,89.2838,89.2845,10.7155,10.7155,0.88579,0
5.68,100,89.2831,89.2838,10.7162,10.7162,0.886116,0
5.69,100,89.2824,89.2831,10.7169,10.7169,0.886444,0
5.7,100,89.2817,89.2824,10.7176,10.7176,0.886774,0
5.71,100,89.2811,89.2817,10.7183,10.7183,0.887105,0
5.72,100,89.2806,89.2811,10.7189,10.7189,0.887435,0
5.73,100,89.28,89.2806,10.7194,10.7194,0.887765,0
5.74,100,89.2795,89.28,10.72,10.72,0.888094,0
5.75,100,89.2791,89.2795,10.7205,10.7205,0.888421,0
5.76,100,89.2786,89.2791,10.7209,10.7209,0.888745,0
5.77,100,89.2782,89.2786,10.7214,10.7214,0.889065,0
5.78,100,89.2778,89.2782,10.7218,10.7218,0.889382,0
5.79,100,89.2775,89.2778,10.7222,10.7222,0.889694,0
5.8,100,89.2772,89.2775,10.7225,10.7225,0.890001,0
5.81,100,89.2769,89.2772,10.7228,10.7228,0.890303,0
5.82,100,89.2767,89.2769,10.7231,10.7231,0.890598,0
5.83,100,89.2765,89.2767,10.7233,10.7233,0.890888,0
5.84,100,89.2763,89.2765,10.7235,10.7235,0.89117,0
5.85,100,89.2761,89.2763,10.7237,10.7237,0.891445,0
5.86,100,89.276,89.2761,10.7239,10.7239,0.891713,0
5.87,100,89.2759,89.276,10.724,10.724,0.891973,0
5.88,100,89.2758,89.2759,10.7241,10.7241,0.892225,0
5.89,100,89.2757,89.2758,10.7242,10.7242,0.892468,0
5.9,100,89.2757,89.2757,10.7243,10.7243,0.892703,0
5.91,100,89.2757,89.2757,10.7243,10.7243,0.89293,0
5.92,100,89.2757,89.2757,10.7243,10.7243,0.893147,0
5.93,100,89.2758,89.2757,10.7243,10.7243,0.893355,0
5.94,100,89.2758,89.2758,10.7242,10.7242,0.893554,0
5.95,100,89.2759,89.2758,10.7242,10.7242,0.893744,0
5.96,100,89.276,89.2759,10.7241,10.7241,0.893924,0
5.97,100,89.2761,89.276,10.724,10.724,0.894095,0
5.98,100,89.2763,89.2761,10.7239,10.7239,0.894257,0
5.99,100,89.2764,89.2763,10.7237,10.7237,0.894409,0
6,100,89.2766,89.2764,10.7236,10.7236,0.894552,0
6.01,100,89.2767,89.2766,10.7234,10.7234,0.894685,0
6.02,100,89.2769,89.2767,10.7233,10.7233,0.894809,0
6.03,100,89.2771,89.2769,10.7231,10.7231,0.894924,0
6.04,100,89.2774,89.2771,10.7229,10.7229,0.89503,0
6.05,100,89.2776,89.2774,10.7226,10.7226,0.895127,0
6.06,100,89.2778,89.2776,10.7224,10.7224,0.895216,0
6.07,100,89.2781,89.2778,10.7222,10.7222,0.895295,0
6.08,100,89.2783,89.2781,10.7219,10.7219,0.895366,0
6.09,100,89.2786,89.2783,10.7217,10.7217,0.895428,0
6.1,100,89.2788,89.2786,10.7214,10.7214,0.895483,0
6.11,100,89.2791,89.2788,10.7212,10.7212,0.895529,0
6.12,100,89.2794,89.2791,10.7209,10.7209,0.895568,0
6.13,100,89.2797,89.2794,10.7206,10.7206,0.895599,0
6.14,100,89.2799,89.2797,10.7203,10.7203,0.895622,0
6.15,100,89.2802,89.2799,10.7201,10.7201,0.895639,0
6.16,100,89.2805,89.2802,10.7198,10.7198,0.895649,0
6.17,100,89.2808,89.2805,10.7195,10.7195,0.895652,0
6.18,100,89.2811,89.2808,10.7192,10.7192,0.895648,0
6.19,100,89.2814,89.2811,10.7189,10.7189,0.895639,0
6.2,100,89.2816,89.2814,10.7186,10.7186,0.895624,0
6.21,100,89.2819,89.2816,10.7184,10.7184,0.895603,0
6.22,100,89.2822,89.2819,10.7181,10.7181,0.895576,0
6.23,100,89.2825,89.2822,10.7178,10.7178,0.895545,0
6.24,100,89.2827,89.2825,10.7175,10.7175,0.895509,0
6.25,100,89.283,89.2827,10.7173,10.7173,0.895468,0
6.26,100,89.2833,89.283,10.717,10.717,0.895423,0
6.27,100,89.2835,89.2833,10.7167,10.7167,0.895374,0
6.28,100,89.2838,89.2835,10.7165,10.7165,0.895322,0
6.29,100,89.284,89.2838,10.7162,10.7162,0.895265,0
6.3,100,89.2843,89.284,10.716,10.716,0.895206,0
6.31,100,89.2845,89.2843,10.7157,10.7157,0.895144,0
6.32,100,89.2847,89.2845,10.7155,10.7155,0.895079,0
6.33,100,89.285,89.2847,10.7153,10.7153,0.895011,0
6.34,100,89.2852,89.285,10.715,10.715,0.894941,0
6.35,100,89.2854,89.2852,10.7148,10.7148,0.89487,0
6.36,100,89.2856,89.2854,10.7146,10.7146,0.894796,0
6.37,100,89.2858,89.2856,10.7144,10.7144,0.894721,0
6.38,100,89.286,89.2858,10.7142,10.7142,0.894645,0
6.39,100,89.2862,89.286,10.714,10.714,0.894568,0
6.4,100,89.2863,89.2862,10.7138,10.7138,0.89449,0
6.41,100,89.2865,89.2863,10.7137,10.7137,0.894411,0
6.42,100,89.2866,89.2865,10.7135,10.7135,0.894332,0
6.43,100,89.2868,89.2866,10.7134,10.7134,0.894253,0
6.44,100,89.2869,89.2868,10.7132,10.7132,0.894173,0
6.45,100,89.2871,89.2869,10.7131,10.7131,0.894094,0
6.46,100,89.2872,89.2871,10.7129,10.7129,0.894015,0
6.47,100,89.2873,89.2872,10.7128,10.7128,0.893936,0
6.48,100,89.2874,89.2873,10.7127,10.7127,0.893859,0
6.49,100,89.2875,89.2874,10.7126,10.7126,0.893781,0
6.5,100,89.2876,89.2875,10.7125,10.7125,0.893705,0
6.51,100,89.2877,89.2876,10.7124,10.7124,0.89363,0
6.52,100,89.2877,89.2877,10.7123,10.7123,0.893556,0
6.53,100,89.2878,89.2877,10.7123,10.7123,0.893483,0
6.54,100,89.2879,89.2878,10.7122,10.7122,0.893412,0
6.55,100,89.2879,89.2879,10.7121,10.7121,0.893342,0
6.56,100,89.288,89.2879,10.7121,10.7121,0.893274,0
6.57,100,89.288,89.288,10.712,10.712,0.893208,0
6.58,100,89.288,89.288,10.712,10.712,0.893143,0
6.59,100,89.2881,89.288,10.712,10.712,0.893081,0
6.6,100,89.2881,89.2881,10.7119,10.7119,0.89302,0
6.61,100,89.2881,89.2881,10.7119,10.7119,0.892961,0
6.62,100,89.2881,89.2881,10.7119,10.7119,0.892904,0
6.63,100,89.2881,89.2881,10.7119,10.7119,0.892849,0
6.64,100,89.2881,89.2881,10.7119,10.7119,0.892797,0
6.65,100,89.2881,89.2881,10.7119,10.7119,0.892746,0
6.66,100,89.2881,89.2881,10.7119,10.7119,0.892698,0
6.67,100,89.2881,89.2881,10.7119,10.7119,0.892652,0
6.68,100,89.2881,89.2881,10.7119,10.7119,0.892609,0
6.69,100,89.288,89.2881,10.7119,10.7119,0.892567,0
6.7,100,89.288,89.288,10.712,10.712,0.892528,0
6.71,100,89.288,89.288,10.712,10.712,0.892491,0
6.72,100,89.2879,89.288,10.712,10.712,0.892456,0
6.73,100,89.2879,89.2879,10.7121,10.7121,0.892424,0
6.74,100,89.2878,89.2879,10.7121,10.7121,0.892394,0
6.75,100,89.2878,89.2878,10.7122,10.7122,0.892366,0
6.76,100,89.2877,89.2878,10.7122,10.7122,0.89234,0
6.77,100,89.2877,89.2877,10.7123,10.7123,0.892316,0
6.78,100,89.2876,89.2877,10.7123,10.7123,0.892295,0
6.79,100,89.2876,89.2876,10.7124,10.7124,0.892275,0
6.8,100,89.2875,89.2876,10.7124,10.7124,0.892258,0
6.81,100,89.2874,89.2875,10.7125,10.7125,0.892242,0
6.82,100,89.2874,89.2874,10.7126,10.7126,0.892229,0
6.83,100,89.2873,89.2874,10.7126,10.7126,0.892217,0
6.84,100,89.2872,89.2873,10.7127,10.7127,0.892208,0
6.85,100,89.2872,89.2872,10.7128,10.7128,0.8922,0
6.86,100,89.2871,89.2872,10.7128,10.7128,0.892194,0
6.87,100,89.287,89.2871,10.7129,10.7129,0.89219,0
6.88,100,89.287,89.287,10.713,10.713,0.892187,0
6.89,100,89.2869,89.287,10.713,10.713,0.892186,0
6.9,100,89.2868,89.2869,10.7131,10.7131,0.892187,0
6.91,100,89.2868,89.2868,10.7132,10.7132,0.892189,0
6.92,100,89.2867,89.2868,10.7132,10.7132,0.892192,0
6.93,100,89.2866,89.2867,10.7133,10.7133,0.892197,0
6.94,100,89.2866,89.2866,10.7134,10.7134,0.892203,0
6.95,100,89.2865,89.2866,10.7134,10.7134,0.89221,0
6.96,100,89.2864,89.2865,10.7135,10.7135,0.892219,0
6.97,100,89.2864,89.2864,10.7136,10.7136,0.892228,0
6.98,100,89.2863,89.2864,10.7136,10.7136,0.892239,0
6.99,100,89.2862,89.2863,10.7137,10.7137,0.892251,0
7,100,89.2862,89.2862,10.7138,10.7138,0.892263,0
7.01,100,89.2861,89.2862,10.7138,10.7138,0.892276,0
7.02,100,89.2861,89.2861,10.7139,10.7139,0.892291,0
7.03,100,89.286,89.2861,10.7139,10.7139,0.892305,0
7.04,100,89.286,89.286,10.714,10.714,0.892321,0
7.05,100,89.2859,89.286,10.714,10.714,0.892337,0
7.06,100,89.2859,89.2859,10.7141,10.7141,0.892354,0
7.07,100,89.2858,89.2859,10.7141,10.7141,0.892371,0
7.08,100,89.2858,89.2858,10.7142,10.7142,0.892388,0
7.09,100,89.2857,89.2858,10.7142,10.7142,0.892406,0
7.1,100,89.2857,89.2857,10.7143,10.7143,0.892424,0
7.11,100,89.2856,89.2857,10.7143,10.7143,0.892443,0
7.12,100,89.2856,89.2856,10.7144,10.7144,0.892462,0
7.13,100,89.2855,89.2856,10.7144,10.7144,0.892481,0
7.14,100,89.2855,89.2855,10.7145,10.7145,0.8925,0
7.15,100,89.2855,89.2855,10.7145,10.7145,0.892519,0
7.16,100,89.2854,89.2855,10.7145,10.7145,0.892538,0
7.17,100,89.2854,89.2854,10.7146,10.7146,0.892557,0
7.18,100,89.2854,89.2854,10.7146,10.7146,0.892576,0
7.19,100,89.2853,89.2854,10.7146,10.7146,0.892595,0
7.2,100,89.2853,89.2853,10.7147,10.7147,0.892613,0
7.21,100,89.2853,89.2853,10.7147,10.7147,0.892632,0
7.22,100,89.2853,89.2853,10.7147,10.7147,0.89265,0
7.23,100,89.2852,89.2853,10.7147,10.7147,0.892668,0
7.24,100,89.2852,89.2852,10.7148,10.7148,0.892686,0
7.25,100,89.2852,89.2852,10.7148,10.7148,0.892704,0
7.26,100,89.2852,89.2852,10.7148,10.7148,0.892721,0
7.27,100,89.2852,89.2852,10.7148,10.7148,0.892738,0
7.28,100,89.2852,89.2852,10.7148,10.7148,0.892754,0
7.29,100,89.2852,89.2852,10.7148,10.7148,0.89277,0
7.3,100,89.2852,89.2852,10.7148,10.7148,0.892786,0
7.31,100,89.2851,89.2852,10.7148,10.7148,0.892801,0
7.32,100,89.2851,89.2851,10.7149,10.7149,0.892815,0
7.33,100,89.2851,89.2851,10.7149,10.7149,0.89283,0
7.34,100,89.2851,89.2851,10.7149,10.7149,0.892843,0
7.35,100,89.2851,89.2851,10.7149,10.7149,0.892857,0
7.36,100,89.2851,89.2851,10.7149,10.7149,0.892869,0
7.37,100,89.2851,89.2851,10.7149,10.7149,0.892882,0
7.38,100,89.2851,89.2851,10.7149,10.7149,0.892893,0
7.39,100,89.2851,89.2851,10.7149,10.7149,0.892904,0
7.4,100,89.2852,89.2851,10.7149,10.7149,0.892915,0
7.41,100,89.2852,89.2852,10.7148,10.7148,0.892925,0
7.42,100,89.2852,89.2852,10.7148,10.7148,0.892935,0
7.43,100,89.2852,89.2852,10.7148,10.7148,0.892943,0
7.44,100,89.2852,89.2852,10.7148,10.7148,0.892952,0
7.45,100,89.2852,89.2852,10.7148,10.7148,0.89296,0
7.46,100,89.2852,89.2852,10.7148,10.7148,0.892967,0
7.47,100,89.2852,89.2852,10.7148,10.7148,0.892974,0
7.48,100,89.2852,89.2852,10.7148,10.7148,0.89298,0
7.49,100,89.2852,89.2852,10.7148,10.7148,0.892986,0
7.5,100,89.2853,89.2852,10.7148,10.7148,0.892991,0
7.51,100,89.2853,89.2853,10.7147,10.7147,0.892996,0
7.52,100,89.2853,89.2853,10.7147,10.7147,0.893,0
7.53,100,89.2853,89.2853,10.7147,10.7147,0.893004,0
7.54,100,89.2853,89.2853,10.7147,10.7147,0.893007,0
7.55,100,89.2853,89.2853,10.7147,10.7147,0.89301,0
7.56,100,89.2853,89.2853,10.7147,10.7147,0.893013,0
7.57,100,89.2854,89.2853,10.7147,10.7147,0.893015,0
7.58,100,89.2854,89.2854,10.7146,10.7146,0.893016,0
7.59,100,89.2854,89.2854,10.7146,10.7146,0.893017,0
7.6,100,89.2854,89.2854,10.7146,10.7146,0.893018,0
7.61,100,89.2854,89.2854,10.7146,10.7146,0.893018,0
7.62,100,89.2854,89.2854,10.7146,10.7146,0.893018,0
7.63,100,89.2855,89.2854,10.7146,10.7146,0.893018,0
7.64,100,89.2855,89.2855,10.7145,10.7145,0.893017,0
7.65,100,89.2855,89.2855,10.7145,10.7145,0.893016,0
7.66,100,89.2855,89.2855,10.7145,10.7145,0.893014,0
7.67,100,89.2855,89.2855,10.7145,10.7145,0.893013,0
7.68,100,89.2855,89.2855,10.7145,10.7145,0.893011,0
7.69,100,89.2856,89.2855,10.7145,10.7145,0.893009,0
7.7,100,89.2856,89.2856,10.7144,10.7144,0.893006,0
7.71,100,89.2856,89.2856,10.7144,10.7144,0.893003,0
7.72,100,89.2856,89.2856,10.7144,10.7144,0.893,0
7.73,100,89.2856,89.2856,10.7144,10.7144,0.892997,0
7.74,100,89.2856,89.2856,10.7144,10.7144,0.892994,0
7.75,100,89.2856,89.2856,10.7144,10.7144,0.89299,0
7.76,100,89.2857,89.2856,10.7144,10.7144,0.892987,0
7.77,100,89.2857,89.2857,10.7143,10.7143,0.892983,0
7.78,100,89.2857,89.2857,10.7143,10.7143,0.892979,0
7.79,100,89.2857,89.2857,10.7143,10.7143,0.892975,0
7.8,100,89.2857,89.2857,10.7143,10.7143,0.89297,0
7.81,100,89.2857,89.2857,10.7143,10.7143,0.892966,0
7.82,100,89.2857,89.2857,10.7143,10.7143,0.892962,0
7.83,100,89.2857,89.2857,10.7143,10.7143,0.892957,0
7.84,100,89.2857,89.2857,10.7143,10.7143,0.892953,0
7.85,100,89.2858,89.2857,10.7143,10.7143,0.892948,0
7.86,100,89.2858,89.2858,10.7142,10.7142,0.892944,0
7.87,100,89.2858,89.2858,10.7142,10.7142,0.892939,0
7.88,100,89.2858,89.2858,10.7142,10.7142,0.892935,0
7.89,100,89.2858,89.2858,10.7142,10.7142,0.89293,0
7.9,100,89.2858,89.2858,10.7142,10.7142,0.892926,0
7.91,100,89.2858,89.2858,10.7142,10.7142,0.892921,0
7.92,100,89.2858,89.2858,10.7142,10.7142,0.892916,0
7.93,100,89.2858,89.2858,10.7142,10.7142,0.892912,0
7.94,100,89.2858,89.2858,10.7142,10.7142,0.892908,0
7.95,100,89.2858,89.2858,10.7142,10.7142,0.892903,0
7.96,100,89.2858,89.2858,10.7142,10.7142,0.892899,0
7.97,100,89.2858,89.2858,10.7142,10.7142,0.892895,0
7.98,100,89.2858,89.2858,10.7142,10.7142,0.892891,0
7.99,100,89.2858,89.2858,10.7142,10.7142,0.892887,0
8,100,89.2858,89.2858,10.7142,10.7142,0.892883,0
8.01,100,89.2858,89.2858,10.7142,10.7142,0.892879,0
8.02,100,89.2858,89.2858,10.7142,10.7142,0.892875,0
8.03,100,89.2858,89.2858,10.7142,10.7142,0.892871,0
8.04,100,89.2859,89.2858,10.7142,10.7142,0.892868,0
8.05,100,89.2859,89.2859,10.7141,10.7141,0.892864,0
8.06,100,89.2859,89.2859,10.7141,10.7141,0.892861,0
8.07,100,89.2859,89.2859,10.7141,10.7141,0.892858,0
8.08,100,89.2859,89.2859,10.7141,10.7141,0.892855,0
8.09,100,89.2859,89.2859,10.7141,10.7141,0.892852,0
8.1,100,89.2859,89.2859,10.7141,10.7141,0.892849,0
8.11,100,89.2859,89.2859,10.7141,10.7141,0.892846,0
8.12,100,89.2858,89.2859,10.7141,10.7141,0.892844,0
8.13,100,89.2858,89.2858,10.7142,10.7142,0.892841,0
8.14,100,89.2858,89.2858,10.7142,10.7142,0.892839,0
8.15,100,89.2858,89.2858,10.7142,10.7142,0.892837,0
8.16,100,89.2858,89.2858,10.7142,10.7142,0.892835,0
8.17,100,89.2858,89.2858,10.7142,10.7142,0.892833,0
8.18,100,89.2858,89.2858,10.7142,10.7142,0.892831,0
8.19,100,89.2858,89.2858,10.7142,10.7142,0.892829,0
8.2,100,89.2858,89.2858,10.7142,10.7142,0.892828,0
8.21,100,89.2858,89.2858,10.7142,10.7142,0.892826,0
8.22,100,89.2858,89.2858,10.7142,10.7142,0.892825,0
8.23,100,89.2858,89.2858,10.7142,10.7142,0.892824,0
8.24,100,89.2858,89.2858,10.7142,10.7142,0.892823,0
8.25,100,89.2858,89.2858,10.7142,10.7142,0.892822,0
8.26,100,89.2858,89.2858,10.7142,10.7142,0.892821,0
8.27,100,89.2858,89.2858,10.7142,10.7142,0.89282,0
8.28,100,89.2858,89.2858,10.7142,10.7142,0.89282,0
8.29,100,89.2858,89.2858,10.7142,10.7142,0.892819,0
8.3,100,89.2858,89.2858,10.7142,10.7142,0.892819,0
8.31,100,89.2858,89.2858,10.7142,10.7142,0.892819,0
8.32,100,89.2858,89.2858,10.7142,10.7142,0.892819,0
8.33,100,89.2858,89.2858,10.7142,10.7142,0.892818,0
8.34,100,89.2858,89.2858,10.7142,10.7142,0.892818,0
8.35,100,89.2858,89.2858,10.7142,10.7142,0.892819,0
8.36,100,89.2858,89.2858,10.7142,10.7142,0.892819,0
8.37,100,89.2858,89.2858,10.7142,10.7142,0.892819,0
8.38,100,89.2858,89.2858,10.7142,10.7142,0.892819,0
8.39,100,89.2858,89.2858,10.7142,10.7142,0.89282,0
8.4,100,89.2858,89.2858,10.7142,10.7142,0.89282,0
8.41,100,89.2858,89.2858,10.7142,10.7142,0.892821,0
8.42,100,89.2858,89.2858,10.7142,10.7142,0.892821,0
8.43,100,89.2857,89.2858,10.7142,10.7142,0.892822,0
8.44,100,89.2857,89.2857,10.7143,10.7143,0.892823,0
8.45,100,89.2857,89.2857,10.7143,10.7143,0.892823,0
8.46,100,89.2857,89.2857,10.7143,10.7143,0.892824,0
8.47,100,89.2857,89.2857,10.7143,10.7143,0.892825,0
8.48,100,89.2857,89.2857,10.7143,10.7143,0.892826,0
8.49,100,89.2857,89.2857,10.7143,10.7143,0.892827,0
8.5,100,89.2857,89.2857,10.7143,10.7143,0.892828,0
8.51,100,89.2857,89.2857,10.7143,10.7143,0.892829,0
8.52,100,89.2857,89.2857,10.7143,10.7143,0.89283,0
8.53,100,89.2857,89.2857,10.7143,10.7143,0.892831,0
8.54,100,89.2857,89.2857,10.7143,10.7143,0.892832,0
8.55,100,89.2857,89.2857,10.7143,10.7143,0.892833,0
8.56,100,89.2857,89.2857,10.7143,10.7143,0.892834,0
8.57,100,89.2857,89.2857,10.7143,10.7143,0.892835,0
8.58,100,89.2857,89.2857,10.7143,10.7143,0.892836,0
8.59,100,89.2857,89.2857,10.7143,10.7143,0.892837,0
8.6,100,89.2857,89.2857,10.7143,10.7143,0.892838,0
8.61,100,89.2857,89.2857,10.7143,10.7143,0.892839,0
8.62,100,89.2857,89.2857,10.7143,10.7143,0.892841,0
8.63,100,89.2857,89.2857,10.7143,10.7143,0.892842,0
8.64,100,89.2857,89.2857,10.7143,10.7143,0.892843,0
8.65,100,89.2857,89.2857,10.7143,10.7143,0.892844,0
8.66,100,89.2857,89.2857,10.7143,10.7143,0.892845,0
8.67,100,89.2857,89.2857,10.7143,10.7143,0.892846,0
8.68,100,89.2857,89.2857,10.7143,10.7143,0.892847,0
8.69,100,89.2857,89.2857,10.7143,10.7143,0.892848,0
8.7,100,89.2857,89.2857,10.7143,10.7143,0.892849,0
8.71,100,89.2857,89.2857,10.7143,10.7143,0.89285,0
8.72,100,89.2857,89.2857,10.7143,10.7143,0.892851,0
8.73,100,89.2857,89.2857,10.7143,10.7143,0.892852,0
8.74,100,89.2857,89.2857,10.7143,10.7143,0.892853,0
8.75,100,89.2857,89.2857,10.7143,10.7143,0.892854,0
8.76,100,89.2857,89.2857,10.7143,10.7143,0.892854,0
8.77,100,89.2857,89.2857,10.7143,10.7143,0.892855,0
8.78,100,89.2857,89.2857,10.7143,10.7143,0.892856,0
8.79,100,89.2857,89.2857,10.7143,10.7143,0.892857,0
8.8,100,89.2857,89.2857,10.7143,10.7143,0.892858,0
8.81,100,89.2857,89.2857,10.7143,10.7143,0.892858,0
8.82,100,89.2857,89.2857,10.7143,10.7143,0.892859,0
8.83,100,89.2857,89.2857,10.7143,10.7143,0.89286,0
8.84,100,89.2857,89.2857,10.7143,10.7143,0.89286,0
8.85,100,89.2857,89.2857,10.7143,10.7143,0.892861,0
8.86,100,89.2857,89.2857,10.7143,10.7143,0.892861,0
8.87,100,89.2857,89.2857,10.7143,10.7143,0.892862,0
8.88,100,89.2857,89.2857,10.7143,10.7143,0.892862,0
8.89,100,89.2857,89.2857,10.7143,10.7143,0.892863,0
8.9,100,89.2857,89.2857,10.7143,10.7143,0.892863,0
8.91,100,89.2857,89.2857,10.7143,10.7143,0.892864,0
8.92,100,89.2857,89.2857,10.7143,10.7143,0.892864,0
8.93,100,89.2857,89.2857,10.7143,10.7143,0.892864,0
8.94,100,89.2857,89.2857,10.7143,10.7143,0.892865,0
8.95,100,89.2857,89.2857,10.7143,10.7143,0.892865,0
8.96,100,89.2857,89.2857,10.7143,10.7143,0.892865,0
8.97,100,89.2857,89.2857,10.7143,10.7143,0.892866,0
8.98,100,89.2857,89.2857,10.7143,10.7143,0.892866,0
8.99,100,89.2857,89.2857,10.7143,10.7143,0.892866,0
9,100,89.2857,89.2857,10.7143,10.7143,0.892866,0
9.01,100,89.2857,89.2857,10.7143,10.7143,0.892866,0
9.02,100,89.2857,89.2857,10.7143,10.7143,0.892866,0
9.03,100,89.2857,89.2857,10.7143,10.7143,0.892866,0
9.04,100,89.2857,89.2857,10.7143,10.7143,0.892866,0
9.05,100,89.2857,89.2857,10.7143,10.7143,0.892866,0
9.06,100,89.2857,89.2857,10.7143,10.7143,0.892866,0
9.07,100,89.2857,89.2857,10.7143,10.7143,0.892866,0
9.08,100,89.2857,89.2857,10.7143,10.7143,0.892866,0
9.09,100,89.2857,89.2857,10.7143,10.7143,0.892866,0
9.1,100,89.2857,89.2857,10.7143,10.7143,0.892866,0
9.11,100,89.2857,89.2857,10.7143,10.7143,0.892866,0
9.12,100,89.2857,89.2857,10.7143,10.7143,0.892866,0
9.13,100,89.2857,89.2857,10.7143,10.7143,0.892866,0
9.14,100,89.2857,89.2857,10.7143,10.7143,0.892866,0
9.15,100,89.2857,89.2857,10.7143,10.7143,0.892866,0
9.16,100,89.2857,89.2857,10.7143,10.7143,0.892865,0
9.17,100,89.2857,89.2857,10.7143,10.7143,0.892865,0
9.18,100,89.2857,89.2857,10.7143,10.7143,0.892865,0
9.19,100,89.2857,89.2857,10.7143,10.7143,0.892865,0
9.2,100,89.2857,89.2857,10.7143,10.7143,0.892865,0
9.21,100,89.2857,89.2857,10.7143,10.7143,0.892864,0
9.22,100,89.2857,89.2857,10.7143,10.7143,0.892864,0
9.23,100,89.2857,89.2857,10.7143,10.7143,0.892864,0
9.24,100,89.2857,89.2857,10.7143,10.7143,0.892864,0
9.25,100,89.2857,89.2857,10.7143,10.7143,0.892864,0
9.26,100,89.2857,89.2857,10.7143,10.7143,0.892863,0
9.27,100,89.2857,89.2857,10.7143,10.7143,0.892863,0
9.28,100,89.2857,89.2857,10.7143,10.7143,0.892863,0
9.29,100,89.2857,89.2857,10.7143,10.7143,0.892862,0
9.3,100,89.2857,89.2857,10.7143,10.7143,0.892862,0
9.31,100,89.2857,89.2857,10.7143,10.7143,0.892862,0
9.32,100,89.2857,89.2857,10.7143,10.7143,0.892862,0
9.33,100,89.2857,89.2857,10.7143,10.7143,0.892861,0
9.34,100,89.2857,89.2857,10.7143,10.7143,0.892861,0
9.35,100,89.2857,89.2857,10.7143,10.7143,0.892861,0
9.36,100,89.2857,89.2857,10.7143,10.7143,0.892861,0
9.37,100,89.2857,89.2857,10.7143,10.7143,0.89286,0
9.38,100,89.2857,89.2857,10.7143,10.7143,0.89286,0
9.39,100,89.2857,89.2857,10.7143,10.7143,0.89286,0
9.4,100,89.2857,89.2857,10.7143,10.7143,0.89286,0
9.41,100,89.2857,89.2857,10.7143,10.7143,0.892859,0
9.42,100,89.2857,89.2857,10.7143,10.7143,0.892859,0
9.43,100,89.2857,89.2857,10.7143,10.7143,0.892859,0
9.44,100,89.2857,89.2857,10.7143,10.7143,0.892859,0
9.45,100,89.2857,89.2857,10.7143,10.7143,0.892858,0
9.46,100,89.2857,89.2857,10.7143,10.7143,0.892858,0
9.47,100,89.2857,89.2857,10.7143,10.7143,0.892858,0
9.48,100,89.2857,89.2857,10.7143,10.7143,0.892858,0
9.49,100,89.2857,89.2857,10.7143,10.7143,0.892858,0
9.5,100,89.2857,89.2857,10.7143,10.7143,0.892857,0
9.51,100,89.2857,89.2857,10.7143,10.7143,0.892857,0
9.52,100,89.2857,89.2857,10.7143,10.7143,0.892857,0
9.53,100,89.2857,89.2857,10.7143,10.7143,0.892857,0
9.54,100,89.2857,89.2857,10.7143,10.7143,0.892857,0
9.55,100,89.2857,89.2857,10.7143,10.7143,0.892857,0
9.56,100,89.2857,89.2857,10.7143,10.7143,0.892856,0
9.57,100,89.2857,89.2857,10.7143,10.7143,0.892856,0
9.58,100,89.2857,89.2857,10.7143,10.7143,0.892856,0
9.59,100,89.2857,89.2857,10.7143,10.7143,0.892856,0
9.6,100,89.2857,89.2857,10.7143,10.7143,0.892856,0
9.61,100,89.2857,89.2857,10.7143,10.7143,0.892856,0
9.62,100,89.2857,89.2857,10.7143,10.7143,0.892856,0
9.63,100,89.2857,89.2857,10.7143,10.7143,0.892856,0
9.64,100,89.2857,89.2857,10.7143,10.7143,0.892855,0
9.65,100,89.2857,89.2857,10.7143,10.7143,0.892855,0
9.66,100,89.2857,89.2857,10.7143,10.7143,0.892855,0
9.67,100,89.2857,89.2857,10.7143,10.7143,0.892855,0
9.68,100,89.2857,89.2857,10.7143,10.7143,0.892855,0
9.69,100,89.2857,89.2857,10.7143,10.7143,0.892855,0
9.7,100,89.2857,89.2857,10.7143,10.7143,0.892855,0
9.71,100,89.2857,89.2857,10.7143,10.7143,0.892855,0
9.72,100,89.2857,89.2857,10.7143,10.7143,0.892855,0
9.73,100,89.2857,89.2857,10.7143,10.7143,0.892855,0
9.74,100,89.2857,89.2857,10.7143,10.7143,0.892855,0
9.75,100,89.2857,89.2857,10.7143,10.7143,0.892855,0
9.76,100,89.2857,89.2857,10.7143,10.7143,0.892855,0
9.77,100,89.2857,89.2857,10.7143,10.7143,0.892855,0
9.78,100,89.2857,89.2857,10.7143,10.7143,0.892855,0
9.79,100,89.2857,89.2857,10.7143,10.7143,0.892855,0
9.8,100,89.2857,89.2857,10.7143,10.7143,0.892855,0
9.81,100,89.2857,89.2857,10.7143,10.7143,0.892855,0
9.82,100,89.2857,89.2857,10.7143,10.7143,0.892855,0
9.83,100,89.2857,89.2857,10.7143,10.7143,0.892855,0
9.84,100,89.2857,89.2857,10.7143,10.7143,0.892855,0
9.85,100,89.2857,89.2857,10.7143,10.7143,0.892855,0
9.86,100,89.2857,89.2857,10.7143,10.7143,0.892855,0
9.87,100,89.2857,89.2857,10.7143,10.7143,0.892855,0
9.88,100,89.2857,89.2857,10.7143,10.7143,0.892855,0
9.89,100,89.2857,89.2857,10.7143,10.7143,0.892855,0
9.9,100,89.2857,89.2857,10.7143,10.7143,0.892855,0
9.91,100,89.2857,89.2857,10.7143,10.7143,0.892855,0
9.92,100,89.2857,89.2857,10.7143,10.7143,0.892855,0
9.93,100,89.2857,89.2857,10.7143,10.7143,0.892855,0
9.94,100,89.2857,89.2857,10.7143,10.7143,0.892855,0
9.95,100,89.2857,89.2857,10.7143,10.7143,0.892855,0
9.96,100,89.2857,89.2857,10.7143,10.7143,0.892856,0
9.97,100,89.2857,89.2857,10.7143,10.7143,0.892856,0
9.98,100,89.2857,89.2857,10.7143,10.7143,0.892856,0
9.99,100,89.2857,89.2857,10.7143,10.7143,0.892856,0
10,100,89.2857,89.2857,10.7143,10.7143,0.892856,0
